id;name;profession_detail
1;North Dakota Cambridgeshire;Re-contextualized
2;local Shoes;Intelligent Frozen Sausages Villages
3;Human;back up Factors
4;architectures;Wisconsin Facilitator Incredible
5;reinvent;eco-centric Bedfordshire mesh
6;Configuration UIC-Franc;Ergonomic Concrete Soap Zambian Kwacha
7;Concrete Bedfordshire;portal calculating Metal
8;real-time discrete redundant;Synergistic Personal Loan Account Sleek
9;Borders;olive Handcrafted Cotton Bacon Unbranded Fresh Pants
10;incubate;interfaces
